{
   "main@common.base_screen" : {
      "controls" : [
         {
            "dialogue_panel" : {
               "anchor_from" : "center",
               "anchor_to" : "center",
               "controls" : [
                  {
                     "quest_board_panel" : {
                        "anchor_from" : "top_left",
                        "anchor_to" : "top_left",
                        "controls" : [
                           {
                              "quest_board_full_bg" : {
                                 "anchor_from" : "center",
                                 "anchor_to" : "center",
                                 "color" : [ 1.0, 1.0, 1.0 ],
                                 "controls" : [],
                                 "is_new_nine_slice" : true,
                                 "layer" : 1,
                                 "nine_slice_buttom" : 0,
                                 "nine_slice_left" : 0,
                                 "nine_slice_right" : 0,
                                 "nine_slice_top" : 0,
                                 "offset" : [ "0%+0 px", "0%+0px" ],
                                 "size" : [ "100%+0 px", "100%+0px" ],
                                 "texture" : "textures/ui/dialog_03@3x",
                                 "texture_file_system" : "",
                                 "type" : "image",
                                 "visible" : false,
                                 "zip_folder" : ""
                              }
                           },
                           {
                              "unfold_btn@common.button" : {
                                 "$default_color" : [ 1.0, 1.0, 1.0 ],
                                 "$labelText" : "",
                                 "$nine_slice_buttom" : 0,
                                 "$nine_slice_left" : 0,
                                 "$nine_slice_right" : 0,
                                 "$nine_slice_top" : 0,
                                 "$pressed_button_name" : "click",
                                 "$text_offset" : [ 0, 0 ],
                                 "anchor_from" : "center",
                                 "anchor_to" : "center",
                                 "button_mappings" : [],
                                 "controls" : [
                                    {
                                       "default" : {
                                          "color" : "$default_color",
                                          "is_new_nine_slice" : true,
                                          "layer" : 1,
                                          "nine_slice_buttom" : "$nine_slice_buttom",
                                          "nine_slice_left" : "$nine_slice_left",
                                          "nine_slice_right" : "$nine_slice_right",
                                          "nine_slice_top" : "$nine_slice_top",
                                          "texture" : "textures/ui/btn13@3x",
                                          "type" : "image"
                                       }
                                    },
                                    {
                                       "hover" : {
                                          "color" : "$default_color",
                                          "is_new_nine_slice" : true,
                                          "layer" : 2,
                                          "nine_slice_buttom" : "$nine_slice_buttom",
                                          "nine_slice_left" : "$nine_slice_left",
                                          "nine_slice_right" : "$nine_slice_right",
                                          "nine_slice_top" : "$nine_slice_top",
                                          "texture" : "textures/ui/btn13_select@3x",
                                          "type" : "image"
                                       }
                                    },
                                    {
                                       "pressed" : {
                                          "color" : "$default_color",
                                          "is_new_nine_slice" : true,
                                          "layer" : 3,
                                          "nine_slice_buttom" : "$nine_slice_buttom",
                                          "nine_slice_left" : "$nine_slice_left",
                                          "nine_slice_right" : "$nine_slice_right",
                                          "nine_slice_top" : "$nine_slice_top",
                                          "texture" : "textures/ui/btn13_select@3x",
                                          "type" : "image"
                                       }
                                    },
                                    {
                                       "button_label" : {
                                          "color" : [ 1.0, 1.0, 1.0 ],
                                          "font_scale_factor" : 0.468750,
                                          "font_size" : "normal",
                                          "layer" : 4,
                                          "max_size" : [ "100%", "100%" ],
                                          "offset" : "$text_offset",
                                          "shadow" : false,
                                          "text" : "",
                                          "type" : "label"
                                       }
                                    }
                                 ],
                                 "is_handle_button_move_event" : true,
                                 "layer" : 1,
                                 "offset" : [ "57.2727263%+0 px", "-36.6666675%+0px" ],
                                 "size" : [ "14.5454541%+0 px", "26.6666681%+0px" ],
                                 "visible" : true
                              }
                           },
                           {
                              "fold_btn@common.button" : {
                                 "$default_color" : [ 1.0, 1.0, 1.0 ],
                                 "$labelText" : "",
                                 "$nine_slice_buttom" : 0,
                                 "$nine_slice_left" : 0,
                                 "$nine_slice_right" : 0,
                                 "$nine_slice_top" : 0,
                                 "$pressed_button_name" : "click",
                                 "$text_offset" : [ 0, 0 ],
                                 "anchor_from" : "center",
                                 "anchor_to" : "center",
                                 "button_mappings" : [],
                                 "controls" : [
                                    {
                                       "default" : {
                                          "color" : "$default_color",
                                          "is_new_nine_slice" : true,
                                          "layer" : 1,
                                          "nine_slice_buttom" : "$nine_slice_buttom",
                                          "nine_slice_left" : "$nine_slice_left",
                                          "nine_slice_right" : "$nine_slice_right",
                                          "nine_slice_top" : "$nine_slice_top",
                                          "texture" : "textures/ui/btn14@3x",
                                          "type" : "image"
                                       }
                                    },
                                    {
                                       "hover" : {
                                          "color" : "$default_color",
                                          "is_new_nine_slice" : true,
                                          "layer" : 2,
                                          "nine_slice_buttom" : "$nine_slice_buttom",
                                          "nine_slice_left" : "$nine_slice_left",
                                          "nine_slice_right" : "$nine_slice_right",
                                          "nine_slice_top" : "$nine_slice_top",
                                          "texture" : "textures/ui/btn14_click@3x",
                                          "type" : "image"
                                       }
                                    },
                                    {
                                       "pressed" : {
                                          "color" : "$default_color",
                                          "is_new_nine_slice" : true,
                                          "layer" : 3,
                                          "nine_slice_buttom" : "$nine_slice_buttom",
                                          "nine_slice_left" : "$nine_slice_left",
                                          "nine_slice_right" : "$nine_slice_right",
                                          "nine_slice_top" : "$nine_slice_top",
                                          "texture" : "textures/ui/btn14_click@3x",
                                          "type" : "image"
                                       }
                                    },
                                    {
                                       "button_label" : {
                                          "color" : [ 1.0, 1.0, 1.0 ],
                                          "font_scale_factor" : 0.468750,
                                          "font_size" : "normal",
                                          "layer" : 4,
                                          "max_size" : [ "100%", "100%" ],
                                          "offset" : "$text_offset",
                                          "shadow" : false,
                                          "text" : "",
                                          "type" : "label"
                                       }
                                    }
                                 ],
                                 "is_handle_button_move_event" : true,
                                 "layer" : 1,
                                 "offset" : [ "57.2727263%+0 px", "-36.6666675%+0px" ],
                                 "size" : [ "14.5454541%+0 px", "26.6666681%+0px" ],
                                 "visible" : false
                              }
                           },
                           {
                              "quest_1_panel" : {
                                 "anchor_from" : "center",
                                 "anchor_to" : "center",
                                 "controls" : [
                                    {
                                       "quest_1_text" : {
                                          "anchor_from" : "center",
                                          "anchor_to" : "center",
                                          "auto_expand" : false,
                                          "color" : [ 1.0, 1.0, 1.0 ],
                                          "controls" : [],
                                          "font_scale_factor" : 1.004464285714286,
                                          "font_size" : "normal",
                                          "layer" : 2,
                                          "offset" : [ "13.636364%+0 px", "14.0%+0px" ],
                                          "shadow" : false,
                                          "size" : [ "100.90909%+0 px", "100%+0px" ],
                                          "text" : "击败黑道士（0/1）",
                                          "text_alignment" : "left",
                                          "type" : "label",
                                          "visible" : true
                                       }
                                    },
                                    {
                                       "quest_1_status_icon" : {
                                          "anchor_from" : "center",
                                          "anchor_to" : "center",
                                          "color" : [ 1.0, 1.0, 1.0 ],
                                          "controls" : [],
                                          "is_new_nine_slice" : true,
                                          "layer" : 1,
                                          "nine_slice_buttom" : 0,
                                          "nine_slice_left" : 0,
                                          "nine_slice_right" : 0,
                                          "nine_slice_top" : 0,
                                          "offset" : [ "-41.81818%+0 px", "4.0%+0px" ],
                                          "size" : [ "9.090909%+0 px", "100%+0px" ],
                                          "texture" : "textures/ui/icon01@3x",
                                          "texture_file_system" : "",
                                          "type" : "image",
                                          "visible" : true,
                                          "zip_folder" : ""
                                       }
                                    }
                                 ],
                                 "layer" : 2,
                                 "offset" : [ "0%+0 px", "-36.6666675%+0px" ],
                                 "size" : [ "100%+0 px", "16.6666672%+0px" ],
                                 "type" : "panel",
                                 "visible" : true
                              }
                           },
                           {
                              "quest_2_panel" : {
                                 "anchor_from" : "center",
                                 "anchor_to" : "center",
                                 "controls" : [
                                    {
                                       "quest_2_text" : {
                                          "anchor_from" : "center",
                                          "anchor_to" : "center",
                                          "auto_expand" : false,
                                          "color" : [ 1.0, 1.0, 1.0 ],
                                          "controls" : [],
                                          "font_scale_factor" : 1.004464285714286,
                                          "font_size" : "normal",
                                          "layer" : 2,
                                          "offset" : [ "13.636364%+0 px", "14.0%+0px" ],
                                          "shadow" : false,
                                          "size" : [ "100.90909%+0 px", "100%+0px" ],
                                          "text" : "击败黑道士（0/1）",
                                          "text_alignment" : "left",
                                          "type" : "label",
                                          "visible" : true
                                       }
                                    },
                                    {
                                       "quest_2_status_icon" : {
                                          "anchor_from" : "center",
                                          "anchor_to" : "center",
                                          "color" : [ 1.0, 1.0, 1.0 ],
                                          "controls" : [],
                                          "is_new_nine_slice" : true,
                                          "layer" : 1,
                                          "nine_slice_buttom" : 0,
                                          "nine_slice_left" : 0,
                                          "nine_slice_right" : 0,
                                          "nine_slice_top" : 0,
                                          "offset" : [ "-41.81818%+0 px", "4.0%+0px" ],
                                          "size" : [ "9.090909%+0 px", "100%+0px" ],
                                          "texture" : "textures/ui/icon01@3x",
                                          "texture_file_system" : "",
                                          "type" : "image",
                                          "visible" : true,
                                          "zip_folder" : ""
                                       }
                                    }
                                 ],
                                 "layer" : 2,
                                 "offset" : [ "0%+0 px", "-18.3333337%+0px" ],
                                 "size" : [ "100%+0 px", "16.6666672%+0px" ],
                                 "type" : "panel",
                                 "visible" : false
                              }
                           },
                           {
                              "quest_3_panel" : {
                                 "anchor_from" : "center",
                                 "anchor_to" : "center",
                                 "controls" : [
                                    {
                                       "quest_3_text" : {
                                          "anchor_from" : "center",
                                          "anchor_to" : "center",
                                          "auto_expand" : false,
                                          "color" : [ 1.0, 1.0, 1.0 ],
                                          "controls" : [],
                                          "font_scale_factor" : 1.004464285714286,
                                          "font_size" : "normal",
                                          "layer" : 2,
                                          "offset" : [ "13.636364%+0 px", "14.0%+0px" ],
                                          "shadow" : false,
                                          "size" : [ "100.90909%+0 px", "100%+0px" ],
                                          "text" : "击败黑道士（0/1）",
                                          "text_alignment" : "left",
                                          "type" : "label",
                                          "visible" : true
                                       }
                                    },
                                    {
                                       "quest_3_status_icon" : {
                                          "anchor_from" : "center",
                                          "anchor_to" : "center",
                                          "color" : [ 1.0, 1.0, 1.0 ],
                                          "controls" : [],
                                          "is_new_nine_slice" : true,
                                          "layer" : 1,
                                          "nine_slice_buttom" : 0,
                                          "nine_slice_left" : 0,
                                          "nine_slice_right" : 0,
                                          "nine_slice_top" : 0,
                                          "offset" : [ "-41.81818%+0 px", "4.0%+0px" ],
                                          "size" : [ "9.090909%+0 px", "100%+0px" ],
                                          "texture" : "textures/ui/icon01@3x",
                                          "texture_file_system" : "",
                                          "type" : "image",
                                          "visible" : true,
                                          "zip_folder" : ""
                                       }
                                    }
                                 ],
                                 "layer" : 2,
                                 "offset" : [ "0%+0 px", "0%+0px" ],
                                 "size" : [ "100%+0 px", "16.6666672%+0px" ],
                                 "type" : "panel",
                                 "visible" : false
                              }
                           },
                           {
                              "quest_4_panel" : {
                                 "anchor_from" : "center",
                                 "anchor_to" : "center",
                                 "controls" : [
                                    {
                                       "quest_4_text" : {
                                          "anchor_from" : "center",
                                          "anchor_to" : "center",
                                          "auto_expand" : false,
                                          "color" : [ 1.0, 1.0, 1.0 ],
                                          "controls" : [],
                                          "font_scale_factor" : 1.004464285714286,
                                          "font_size" : "normal",
                                          "layer" : 2,
                                          "offset" : [ "13.636364%+0 px", "14.0%+0px" ],
                                          "shadow" : false,
                                          "size" : [ "100.90909%+0 px", "100%+0px" ],
                                          "text" : "击败黑道士（0/1）",
                                          "text_alignment" : "left",
                                          "type" : "label",
                                          "visible" : true
                                       }
                                    },
                                    {
                                       "quest_4_status_icon" : {
                                          "anchor_from" : "center",
                                          "anchor_to" : "center",
                                          "color" : [ 1.0, 1.0, 1.0 ],
                                          "controls" : [],
                                          "is_new_nine_slice" : true,
                                          "layer" : 1,
                                          "nine_slice_buttom" : 0,
                                          "nine_slice_left" : 0,
                                          "nine_slice_right" : 0,
                                          "nine_slice_top" : 0,
                                          "offset" : [ "-41.81818%+0 px", "4.0%+0px" ],
                                          "size" : [ "9.090909%+0 px", "100%+0px" ],
                                          "texture" : "textures/ui/icon01@3x",
                                          "texture_file_system" : "",
                                          "type" : "image",
                                          "visible" : true,
                                          "zip_folder" : ""
                                       }
                                    }
                                 ],
                                 "layer" : 2,
                                 "offset" : [ "0%+0 px", "18.3333337%+0px" ],
                                 "size" : [ "100%+0 px", "16.6666672%+0px" ],
                                 "type" : "panel",
                                 "visible" : false
                              }
                           },
                           {
                              "quest_5_panel" : {
                                 "anchor_from" : "center",
                                 "anchor_to" : "center",
                                 "controls" : [
                                    {
                                       "quest_5_text" : {
                                          "anchor_from" : "center",
                                          "anchor_to" : "center",
                                          "auto_expand" : false,
                                          "color" : [ 1.0, 1.0, 1.0 ],
                                          "controls" : [],
                                          "font_scale_factor" : 1.004464285714286,
                                          "font_size" : "normal",
                                          "layer" : 2,
                                          "offset" : [ "13.636364%+0 px", "14.0%+0px" ],
                                          "shadow" : false,
                                          "size" : [ "100.90909%+0 px", "100%+0px" ],
                                          "text" : "击败黑道士（0/1）",
                                          "text_alignment" : "left",
                                          "type" : "label",
                                          "visible" : true
                                       }
                                    },
                                    {
                                       "quest_5_status_icon" : {
                                          "anchor_from" : "center",
                                          "anchor_to" : "center",
                                          "color" : [ 1.0, 1.0, 1.0 ],
                                          "controls" : [],
                                          "is_new_nine_slice" : true,
                                          "layer" : 1,
                                          "nine_slice_buttom" : 0,
                                          "nine_slice_left" : 0,
                                          "nine_slice_right" : 0,
                                          "nine_slice_top" : 0,
                                          "offset" : [ "-41.81818%+0 px", "4.0%+0px" ],
                                          "size" : [ "9.090909%+0 px", "100%+0px" ],
                                          "texture" : "textures/ui/icon01@3x",
                                          "texture_file_system" : "",
                                          "type" : "image",
                                          "visible" : true,
                                          "zip_folder" : ""
                                       }
                                    }
                                 ],
                                 "layer" : 2,
                                 "offset" : [ "0%+0 px", "36.6666675%+0px" ],
                                 "size" : [ "100%+0 px", "16.6666672%+0px" ],
                                 "type" : "panel",
                                 "visible" : false
                              }
                           },
                           {
                              "quest_board_single_bg" : {
                                 "anchor_from" : "center",
                                 "anchor_to" : "center",
                                 "color" : [ 1.0, 1.0, 1.0 ],
                                 "controls" : [],
                                 "is_new_nine_slice" : true,
                                 "layer" : 1,
                                 "nine_slice_buttom" : 0,
                                 "nine_slice_left" : 0,
                                 "nine_slice_right" : 0,
                                 "nine_slice_top" : 0,
                                 "offset" : [ "0%+0 px", "-35.0%+0px" ],
                                 "size" : [ "100%+0 px", "30.0%+0px" ],
                                 "texture" : "textures/ui/dialog_02@3x",
                                 "texture_file_system" : "",
                                 "type" : "image",
                                 "visible" : true,
                                 "zip_folder" : ""
                              }
                           }
                        ],
                        "layer" : 1,
                        "offset" : [ "2 px", "25 px" ],
                        "size" : [ "137.5 px", "75.0px" ],
                        "type" : "panel",
                        "visible" : true
                     }
                  },
                  {
                     "dialogue_board_panel" : {
                        "anchor_from" : "center",
                        "anchor_to" : "left_middle",
                        "controls" : [
                           {
                              "dialogue_board_3_bg" : {
                                 "anchor_from" : "top_left",
                                 "anchor_to" : "top_left",
                                 "color" : [ 1.0, 1.0, 1.0 ],
                                 "controls" : [],
                                 "is_new_nine_slice" : true,
                                 "layer" : 1,
                                 "nine_slice_buttom" : 0,
                                 "nine_slice_left" : 0,
                                 "nine_slice_right" : 0,
                                 "nine_slice_top" : 0,
                                 "offset" : [ "0%+0 px", "0%+0px" ],
                                 "size" : [ "100%+0 px", "100%+0px" ],
                                 "texture" : "textures/ui/dialog_06@3x",
                                 "texture_file_system" : "",
                                 "type" : "image",
                                 "visible" : false,
                                 "zip_folder" : ""
                              }
                           },
                           {
                              "dialogue_board_2_bg" : {
                                 "anchor_from" : "top_left",
                                 "anchor_to" : "top_left",
                                 "color" : [ 1.0, 1.0, 1.0 ],
                                 "controls" : [],
                                 "is_new_nine_slice" : true,
                                 "layer" : 1,
                                 "nine_slice_buttom" : 0,
                                 "nine_slice_left" : 0,
                                 "nine_slice_right" : 0,
                                 "nine_slice_top" : 0,
                                 "offset" : [ "0%+0 px", "0%+0px" ],
                                 "size" : [ "100%+0 px", "100%+0px" ],
                                 "texture" : "textures/ui/dialog_04@3x",
                                 "texture_file_system" : "",
                                 "type" : "image",
                                 "visible" : false,
                                 "zip_folder" : ""
                              }
                           },
                           {
                              "dialogue_board_1_bg" : {
                                 "anchor_from" : "top_left",
                                 "anchor_to" : "top_left",
                                 "color" : [ 1.0, 1.0, 1.0 ],
                                 "controls" : [],
                                 "is_new_nine_slice" : true,
                                 "layer" : 1,
                                 "nine_slice_buttom" : 0,
                                 "nine_slice_left" : 0,
                                 "nine_slice_right" : 0,
                                 "nine_slice_top" : 0,
                                 "offset" : [ "0%+0 px", "0%+0px" ],
                                 "size" : [ "100%+0 px", "84.1666639%+0px" ],
                                 "texture" : "textures/ui/dialog_05@3x",
                                 "texture_file_system" : "",
                                 "type" : "image",
                                 "visible" : true,
                                 "zip_folder" : ""
                              }
                           },
                           {
                              "content_text" : {
                                 "anchor_from" : "top_left",
                                 "anchor_to" : "top_left",
                                 "auto_expand" : false,
                                 "color" : [ 1.0, 1.0, 1.0 ],
                                 "controls" : [],
                                 "font_scale_factor" : 1.004464285714286,
                                 "font_size" : "normal",
                                 "layer" : 3,
                                 "offset" : [ "7.5%+0 px", "14.1666666%+0px" ],
                                 "shadow" : false,
                                 "size" : [ "83.25%+0 px", "55.5%+0px" ],
                                 "text" : "",
                                 "text_alignment" : "left",
                                 "type" : "label",
                                 "visible" : true
                              }
                           },
                           {
                              "title_text" : {
                                 "anchor_from" : "top_left",
                                 "anchor_to" : "top_left",
                                 "auto_expand" : false,
                                 "color" : [ 0.2588235294117647, 0.2588235294117647, 0.2588235294117647 ],
                                 "controls" : [],
                                 "font_scale_factor" : 1.004464285714286,
                                 "font_size" : "normal",
                                 "layer" : 3,
                                 "offset" : [ "5.0%+0 px", "3.33333351%+0px" ],
                                 "shadow" : false,
                                 "size" : [ "83.25%+0 px", "7.333333%+0px" ],
                                 "text" : "",
                                 "text_alignment" : "left",
                                 "type" : "label",
                                 "visible" : true
                              }
                           },
                           {
                              "option_1_btn@common.button" : {
                                 "$default_color" : [ 1.0, 1.0, 1.0 ],
                                 "$labelText" : "",
                                 "$nine_slice_buttom" : 0,
                                 "$nine_slice_left" : 0,
                                 "$nine_slice_right" : 0,
                                 "$nine_slice_top" : 0,
                                 "$pressed_button_name" : "click",
                                 "$text_offset" : [ 0, 0 ],
                                 "anchor_from" : "top_left",
                                 "anchor_to" : "center",
                                 "button_mappings" : [],
                                 "controls" : [
                                    {
                                       "default" : {
                                          "color" : "$default_color",
                                          "is_new_nine_slice" : true,
                                          "layer" : 1,
                                          "nine_slice_buttom" : "$nine_slice_buttom",
                                          "nine_slice_left" : "$nine_slice_left",
                                          "nine_slice_right" : "$nine_slice_right",
                                          "nine_slice_top" : "$nine_slice_top",
                                          "texture" : "textures/ui/btn09@3x",
                                          "type" : "image"
                                       }
                                    },
                                    {
                                       "hover" : {
                                          "color" : "$default_color",
                                          "is_new_nine_slice" : true,
                                          "layer" : 2,
                                          "nine_slice_buttom" : "$nine_slice_buttom",
                                          "nine_slice_left" : "$nine_slice_left",
                                          "nine_slice_right" : "$nine_slice_right",
                                          "nine_slice_top" : "$nine_slice_top",
                                          "texture" : "textures/ui/btn12_select@3x",
                                          "type" : "image"
                                       }
                                    },
                                    {
                                       "pressed" : {
                                          "color" : "$default_color",
                                          "is_new_nine_slice" : true,
                                          "layer" : 3,
                                          "nine_slice_buttom" : "$nine_slice_buttom",
                                          "nine_slice_left" : "$nine_slice_left",
                                          "nine_slice_right" : "$nine_slice_right",
                                          "nine_slice_top" : "$nine_slice_top",
                                          "texture" : "textures/ui/btn12_select@3x",
                                          "type" : "image"
                                       }
                                    },
                                    {
                                       "button_label" : {
                                          "color" : [ 1.0, 1.0, 1.0 ],
                                          "font_scale_factor" : 0.468750,
                                          "font_size" : "normal",
                                          "layer" : 4,
                                          "max_size" : [ "100%", "100%" ],
                                          "offset" : "$text_offset",
                                          "shadow" : false,
                                          "text" : "",
                                          "type" : "label"
                                       }
                                    },
                                    {
                                       "option_1_icon" : {
                                          "anchor_from" : "center",
                                          "anchor_to" : "center",
                                          "color" : [ 1.0, 1.0, 1.0 ],
                                          "controls" : [],
                                          "is_new_nine_slice" : true,
                                          "layer" : 5,
                                          "nine_slice_buttom" : 0,
                                          "nine_slice_left" : 0,
                                          "nine_slice_right" : 0,
                                          "nine_slice_top" : 0,
                                          "offset" : [ "-38.0434781%+0 px", "1.24999993%+0px" ],
                                          "size" : [ "16.3043484%+0 px", "75.0%+0px" ],
                                          "texture" : "textures/ui/icon03@3x",
                                          "texture_file_system" : "",
                                          "type" : "image",
                                          "visible" : true,
                                          "zip_folder" : ""
                                       }
                                    },
                                    {
                                       "option_1_text" : {
                                          "anchor_from" : "center",
                                          "anchor_to" : "center",
                                          "auto_expand" : false,
                                          "color" : [ 0.2588235294117647, 0.2588235294117647, 0.2588235294117647 ],
                                          "controls" : [],
                                          "font_scale_factor" : 1.004464285714286,
                                          "font_size" : "normal",
                                          "layer" : 6,
                                          "offset" : [ "13.5869563%+0 px", "6.24999925%+0px" ],
                                          "shadow" : false,
                                          "size" : [ "81.52174%+0 px", "55.0%+0px" ],
                                          "text" : "",
                                          "text_alignment" : "left",
                                          "type" : "label",
                                          "visible" : true
                                       }
                                    }
                                 ],
                                 "is_handle_button_move_event" : true,
                                 "layer" : 2,
                                 "offset" : [ "49.75%+0 px", "72.5%+0px" ],
                                 "size" : [ "92.0%+0 px", "13.333334%+0px" ],
                                 "visible" : true
                              }
                           },
                           {
                              "option_2_btn@common.button" : {
                                 "$default_color" : [ 1.0, 1.0, 1.0 ],
                                 "$labelText" : "",
                                 "$nine_slice_buttom" : 0,
                                 "$nine_slice_left" : 0,
                                 "$nine_slice_right" : 0,
                                 "$nine_slice_top" : 0,
                                 "$pressed_button_name" : "click",
                                 "$text_offset" : [ 0, 0 ],
                                 "anchor_from" : "top_left",
                                 "anchor_to" : "center",
                                 "button_mappings" : [],
                                 "controls" : [
                                    {
                                       "default" : {
                                          "color" : "$default_color",
                                          "is_new_nine_slice" : true,
                                          "layer" : 1,
                                          "nine_slice_buttom" : "$nine_slice_buttom",
                                          "nine_slice_left" : "$nine_slice_left",
                                          "nine_slice_right" : "$nine_slice_right",
                                          "nine_slice_top" : "$nine_slice_top",
                                          "texture" : "textures/ui/btn09@3x",
                                          "type" : "image"
                                       }
                                    },
                                    {
                                       "hover" : {
                                          "color" : "$default_color",
                                          "is_new_nine_slice" : true,
                                          "layer" : 2,
                                          "nine_slice_buttom" : "$nine_slice_buttom",
                                          "nine_slice_left" : "$nine_slice_left",
                                          "nine_slice_right" : "$nine_slice_right",
                                          "nine_slice_top" : "$nine_slice_top",
                                          "texture" : "textures/ui/btn12_select@3x",
                                          "type" : "image"
                                       }
                                    },
                                    {
                                       "pressed" : {
                                          "color" : "$default_color",
                                          "is_new_nine_slice" : true,
                                          "layer" : 3,
                                          "nine_slice_buttom" : "$nine_slice_buttom",
                                          "nine_slice_left" : "$nine_slice_left",
                                          "nine_slice_right" : "$nine_slice_right",
                                          "nine_slice_top" : "$nine_slice_top",
                                          "texture" : "textures/ui/btn12_select@3x",
                                          "type" : "image"
                                       }
                                    },
                                    {
                                       "button_label" : {
                                          "color" : [ 1.0, 1.0, 1.0 ],
                                          "font_scale_factor" : 0.468750,
                                          "font_size" : "normal",
                                          "layer" : 4,
                                          "max_size" : [ "100%", "100%" ],
                                          "offset" : "$text_offset",
                                          "shadow" : false,
                                          "text" : "",
                                          "type" : "label"
                                       }
                                    },
                                    {
                                       "option_2_icon" : {
                                          "anchor_from" : "center",
                                          "anchor_to" : "center",
                                          "color" : [ 1.0, 1.0, 1.0 ],
                                          "controls" : [],
                                          "is_new_nine_slice" : true,
                                          "layer" : 5,
                                          "nine_slice_buttom" : 0,
                                          "nine_slice_left" : 0,
                                          "nine_slice_right" : 0,
                                          "nine_slice_top" : 0,
                                          "offset" : [ "-38.0434781%+0 px", "1.24999993%+0px" ],
                                          "size" : [ "16.3043484%+0 px", "75.0%+0px" ],
                                          "texture" : "textures/ui/icon03@3x",
                                          "texture_file_system" : "",
                                          "type" : "image",
                                          "visible" : true,
                                          "zip_folder" : ""
                                       }
                                    },
                                    {
                                       "option_2_text" : {
                                          "anchor_from" : "center",
                                          "anchor_to" : "center",
                                          "auto_expand" : false,
                                          "color" : [ 0.2588235294117647, 0.2588235294117647, 0.2588235294117647 ],
                                          "controls" : [],
                                          "font_scale_factor" : 1.004464285714286,
                                          "font_size" : "normal",
                                          "layer" : 6,
                                          "offset" : [ "13.5869563%+0 px", "6.24999925%+0px" ],
                                          "shadow" : false,
                                          "size" : [ "81.52174%+0 px", "55.0%+0px" ],
                                          "text" : "",
                                          "text_alignment" : "left",
                                          "type" : "label",
                                          "visible" : true
                                       }
                                    }
                                 ],
                                 "is_handle_button_move_event" : true,
                                 "layer" : 2,
                                 "offset" : [ "49.75%+0 px", "87.5%+0px" ],
                                 "size" : [ "92.0%+0 px", "13.333334%+0px" ],
                                 "visible" : false
                              }
                           },
                           {
                              "option_3_btn@common.button" : {
                                 "$default_color" : [ 1.0, 1.0, 1.0 ],
                                 "$labelText" : "",
                                 "$nine_slice_buttom" : 0,
                                 "$nine_slice_left" : 0,
                                 "$nine_slice_right" : 0,
                                 "$nine_slice_top" : 0,
                                 "$pressed_button_name" : "click",
                                 "$text_offset" : [ 0, 0 ],
                                 "anchor_from" : "top_left",
                                 "anchor_to" : "center",
                                 "button_mappings" : [],
                                 "controls" : [
                                    {
                                       "default" : {
                                          "color" : "$default_color",
                                          "is_new_nine_slice" : true,
                                          "layer" : 1,
                                          "nine_slice_buttom" : "$nine_slice_buttom",
                                          "nine_slice_left" : "$nine_slice_left",
                                          "nine_slice_right" : "$nine_slice_right",
                                          "nine_slice_top" : "$nine_slice_top",
                                          "texture" : "textures/ui/btn09@3x",
                                          "type" : "image"
                                       }
                                    },
                                    {
                                       "hover" : {
                                          "color" : "$default_color",
                                          "is_new_nine_slice" : true,
                                          "layer" : 2,
                                          "nine_slice_buttom" : "$nine_slice_buttom",
                                          "nine_slice_left" : "$nine_slice_left",
                                          "nine_slice_right" : "$nine_slice_right",
                                          "nine_slice_top" : "$nine_slice_top",
                                          "texture" : "textures/ui/btn12_select@3x",
                                          "type" : "image"
                                       }
                                    },
                                    {
                                       "pressed" : {
                                          "color" : "$default_color",
                                          "is_new_nine_slice" : true,
                                          "layer" : 3,
                                          "nine_slice_buttom" : "$nine_slice_buttom",
                                          "nine_slice_left" : "$nine_slice_left",
                                          "nine_slice_right" : "$nine_slice_right",
                                          "nine_slice_top" : "$nine_slice_top",
                                          "texture" : "textures/ui/btn12_select@3x",
                                          "type" : "image"
                                       }
                                    },
                                    {
                                       "button_label" : {
                                          "color" : [ 1.0, 1.0, 1.0 ],
                                          "font_scale_factor" : 0.468750,
                                          "font_size" : "normal",
                                          "layer" : 4,
                                          "max_size" : [ "100%", "100%" ],
                                          "offset" : "$text_offset",
                                          "shadow" : false,
                                          "text" : "",
                                          "type" : "label"
                                       }
                                    },
                                    {
                                       "option_3_icon" : {
                                          "anchor_from" : "center",
                                          "anchor_to" : "center",
                                          "color" : [ 1.0, 1.0, 1.0 ],
                                          "controls" : [],
                                          "is_new_nine_slice" : true,
                                          "layer" : 5,
                                          "nine_slice_buttom" : 0,
                                          "nine_slice_left" : 0,
                                          "nine_slice_right" : 0,
                                          "nine_slice_top" : 0,
                                          "offset" : [ "-38.0434781%+0 px", "1.24999993%+0px" ],
                                          "size" : [ "16.3043484%+0 px", "75.0%+0px" ],
                                          "texture" : "textures/ui/icon03@3x",
                                          "texture_file_system" : "",
                                          "type" : "image",
                                          "visible" : true,
                                          "zip_folder" : ""
                                       }
                                    },
                                    {
                                       "option_3_text" : {
                                          "anchor_from" : "center",
                                          "anchor_to" : "center",
                                          "auto_expand" : false,
                                          "color" : [ 0.2588235294117647, 0.2588235294117647, 0.2588235294117647 ],
                                          "controls" : [],
                                          "font_scale_factor" : 1.004464285714286,
                                          "font_size" : "normal",
                                          "layer" : 6,
                                          "offset" : [ "13.5869563%+0 px", "6.24999925%+0px" ],
                                          "shadow" : false,
                                          "size" : [ "81.52174%+0 px", "55.0%+0px" ],
                                          "text" : "",
                                          "text_alignment" : "left",
                                          "type" : "label",
                                          "visible" : true
                                       }
                                    }
                                 ],
                                 "is_handle_button_move_event" : true,
                                 "layer" : 2,
                                 "offset" : [ "49.75%+0 px", "57.5%+0px" ],
                                 "size" : [ "92.0%+0 px", "13.333334%+0px" ],
                                 "visible" : false
                              }
                           },
                           {
                              "close_btn@common.button" : {
                                 "$default_color" : [ 1.0, 1.0, 1.0 ],
                                 "$labelText" : "",
                                 "$nine_slice_buttom" : 0,
                                 "$nine_slice_left" : 0,
                                 "$nine_slice_right" : 0,
                                 "$nine_slice_top" : 0,
                                 "$pressed_button_name" : "click",
                                 "$text_offset" : [ 0, 0 ],
                                 "anchor_from" : "top_left",
                                 "anchor_to" : "center",
                                 "button_mappings" : [],
                                 "controls" : [
                                    {
                                       "default" : {
                                          "color" : "$default_color",
                                          "is_new_nine_slice" : true,
                                          "layer" : 1,
                                          "nine_slice_buttom" : "$nine_slice_buttom",
                                          "nine_slice_left" : "$nine_slice_left",
                                          "nine_slice_right" : "$nine_slice_right",
                                          "nine_slice_top" : "$nine_slice_top",
                                          "texture" : "textures/ui/btn05@3x",
                                          "type" : "image"
                                       }
                                    },
                                    {
                                       "hover" : {
                                          "color" : "$default_color",
                                          "is_new_nine_slice" : true,
                                          "layer" : 2,
                                          "nine_slice_buttom" : "$nine_slice_buttom",
                                          "nine_slice_left" : "$nine_slice_left",
                                          "nine_slice_right" : "$nine_slice_right",
                                          "nine_slice_top" : "$nine_slice_top",
                                          "texture" : "textures/ui/btn05_click@3x",
                                          "type" : "image"
                                       }
                                    },
                                    {
                                       "pressed" : {
                                          "color" : "$default_color",
                                          "is_new_nine_slice" : true,
                                          "layer" : 3,
                                          "nine_slice_buttom" : "$nine_slice_buttom",
                                          "nine_slice_left" : "$nine_slice_left",
                                          "nine_slice_right" : "$nine_slice_right",
                                          "nine_slice_top" : "$nine_slice_top",
                                          "texture" : "textures/ui/btn05_click@3x",
                                          "type" : "image"
                                       }
                                    },
                                    {
                                       "button_label" : {
                                          "color" : [ 1.0, 1.0, 1.0 ],
                                          "font_scale_factor" : 0.468750,
                                          "font_size" : "normal",
                                          "layer" : 4,
                                          "max_size" : [ "100%", "100%" ],
                                          "offset" : "$text_offset",
                                          "shadow" : false,
                                          "text" : "",
                                          "type" : "label"
                                       }
                                    }
                                 ],
                                 "is_handle_button_move_event" : true,
                                 "layer" : 3,
                                 "offset" : [ "90.0%+0 px", "6.666667%+0px" ],
                                 "size" : [ "7.5%+0 px", "5.0%+0px" ],
                                 "visible" : true
                              }
                           }
                        ],
                        "layer" : 1,
                        "offset" : [ "26 px", "0 px" ],
                        "size" : [ "140.0 px", "210.0 px" ],
                        "type" : "panel",
                        "visible" : true
                     }
                  }
               ],
               "layer" : 0,
               "offset" : [ 0, 0 ],
               "size" : [ "100.000000%+0 px", "100.000000%+0px" ],
               "type" : "panel",
               "visible" : true
            }
         }
      ]
   },
   "namespace" : "dialogueUI"
}
