{
    "format_version": "1.12",
    "minecraft:recipe_shapeless": {
        "description": {
            "identifier": "ntestaskdemo:recipe1"
        },
        "ingredients": [
            {
                "count": 1,
                "data": 0,
                "item": "minecraft:clay_ball"
            },
            {
                "count": 1,
                "data": 0,
                "item": "minecraft:fire_charge"
            },
            {
                "count": 1,
                "data": 0,
                "item": "minecraft:feather"
            },
            {
                "count": 1,
                "data": 0,
                "item": "minecraft:potion"
            }
        ],
        "result": {
            "count": 1,
            "data": 0,
            "item": "minecraft:enchanted_book"
        },
        "tags": [
            "crafting_table"
        ]
    }
}