{
    "format_version": "1.12",
    "minecraft:recipe_shapeless": {
        "description": {
            "identifier": "ntestaskdemo:recipe2"
        },
        "ingredients": [
            {
                "count": 1,
                "data": 0,
                "item": "minecraft:gold_nugget"
            },
            {
                "count": 1,
                "data": 0,
                "item": "minecraft:wooden_sword"
            }
        ],
        "result": {
            "count": 1,
            "data": 0,
            "item": "minecraft:golden_sword"
        },
        "tags": [
            "crafting_table"
        ]
    }
}