{
    "format_version": "1.12",
    "minecraft:recipe_shaped": {
        "description": {
            "identifier": "ntestaskdemo:recipe4"
        },
        "key": {
            "B": {
                "data": 0,
                "item": "minecraft:iron_pickaxe"
            },
            "C": {
                "data": 0,
                "item": "minecraft:slime_ball"
            },
            "D": {
                "data": 0,
                "item": "minecraft:lava_bucket"
            }
        },
        "pattern": [
            "DBC"
        ],
        "result": {
            "count": 1,
            "data": 0,
            "item": "minecraft:magma_cream"
        },
        "tags": [
            "crafting_table"
        ]
    }
}