{
    "format_version": "1.12.0",
    "minecraft:geometry": [
        {
            "bones": [
                {
                    "cubes": [
                        {
                            "origin": [
                                -4,
                                24,
                                -5
                            ],
                            "size": [
                                8,
                                8,
                                8
                            ],
                            "uv": [
                                0,
                                0
                            ]
                        }
                    ],
                    "name": "head",
                    "pivot": [
                        0,
                        0,
                        0
                    ]
                },
                {
                    "cubes": [
                        {
                            "origin": [
                                -4,
                                12,
                                -3
                            ],
                            "size": [
                                8,
                                12,
                                4
                            ],
                            "uv": [
                                0,
                                16
                            ]
                        }
                    ],
                    "name": "body",
                    "pivot": [
                        0,
                        0,
                        0
                    ]
                },
                {
                    "cubes": [
                        {
                            "origin": [
                                -8,
                                12,
                                -3
                            ],
                            "size": [
                                4,
                                12,
                                4
                            ],
                            "uv": [
                                16,
                                32
                            ]
                        }
                    ],
                    "name": "leftArm",
                    "pivot": [
                        -4,
                        24,
                        -1
                    ]
                },
                {
                    "cubes": [
                        {
                            "origin": [
                                4,
                                12,
                                -3
                            ],
                            "size": [
                                4,
                                12,
                                4
                            ],
                            "uv": [
                                32,
                                0
                            ]
                        }
                    ],
                    "name": "rightArm",
                    "pivot": [
                        6,
                        24,
                        -1
                    ]
                },
                {
                    "cubes": [
                        {
                            "origin": [
                                0,
                                0,
                                -3
                            ],
                            "size": [
                                4,
                                12,
                                4
                            ],
                            "uv": [
                                0,
                                32
                            ]
                        }
                    ],
                    "name": "rightLeg",
                    "pivot": [
                        2,
                        12,
                        -1
                    ]
                },
                {
                    "cubes": [
                        {
                            "origin": [
                                -4,
                                0,
                                -3
                            ],
                            "size": [
                                4,
                                12,
                                4
                            ],
                            "uv": [
                                24,
                                16
                            ]
                        }
                    ],
                    "name": "leftLeg",
                    "pivot": [
                        -2,
                        12,
                        -1
                    ]
                }
            ],
            "description": {
                "identifier": "geometry.devil",
                "texture_height": 64,
                "texture_width": 64,
                "visible_bounds_height": 5,
                "visible_bounds_offset": [
                    0,
                    1.5,
                    0
                ],
                "visible_bounds_width": 5
            }
        }
    ]
}