{
  "Source": "CFFF",
  "CreateVersion": "2.1.0.162835",
  "EditVersion": "2.2.0.97771",
  "OldEditCount": 15,
  "NewEditCount": 3,
  "OldComponents": [
    "Dialogue",
    "Quest",
    "World",
    "Creature"
  ],
  "Account": "ryanmilk@163.com",
  "UserName": "ryanmilk",
  "UserId": "84657",
  "Id": "100c041acb03429e94bc15ab8e2fd04b",
  "EditType": 2,
  "IsMap": true,
  "CreateNew": false,
  "EditName": "CFFF(4)",
  "GameType": 0,
  "WorldType": 1,
  "Seed": "116014035",
  "BlockNums": [
    0,
    0
  ],
  "BornPoint": [
    0,
    0,
    0
  ],
  "SaveBackMapPath": "C:\\MCStudioDownload\\work\\ryanmilk@163.com\\Cpp\\Map\\100c041acb03429e94bc15ab8e2fd04b",
  "SaveBackAddOnPath": "",
  "EditAddOnPaths": [
    "C:\\Users\\icebear\\Documents\\Tencent Files\\1822327087\\FileRecv\\Cpp_Map_MC19\\78ef3a5afc014dbebdfa75252035f96c"
  ],
  "EditMaterialPaths": [],
  "EditLogFilePath": "C:\\MCStudioDownload\\work\\editor\\edit.log",
  "ServerName": "EXPR",
  "StudioPort": 11158,
  "DCWebUrl": "https://x19apigatewayexpr.nie.netease.com",
  "ShowGuide": false,
  "AssertCacheDir": "C:\\MCStudioDownload\\EngineAssert",
  "ElkUrl": "https://x19mclexpr.nie.netease.com/client-log",
  "ShowGpuDriverTips": false,
  "StudioTempPath": "C:\\MCStudioDownload\\temp\\editorTemp",
  "EditorResourcePackPath": "C:\\Program Files (x86)\\Netease\\MCStudio\\data\\inner_res"
}