{
    "pools": [
        {
            "entries": [
                {
                    "functions": [
                        {
                            "count": {
                                "max": 5,
                                "min": 3
                            },
                            "function": "set_count"
                        },
                        {
                            "data": 0,
                            "function": "set_data"
                        }
                    ],
                    "name": "minecraft:fire_charge",
                    "type": "item",
                    "weight": 1
                },
                {
                    "functions": [
                        {
                            "count": {
                                "max": 5,
                                "min": 3
                            },
                            "function": "set_count"
                        },
                        {
                            "data": 0,
                            "function": "set_data"
                        }
                    ],
                    "name": "minecraft:clay_ball",
                    "type": "item",
                    "weight": 1
                }
            ],
            "rolls": 1
        }
    ]
}