{
    "format_version": "1.8.0",
    "minecraft:client_entity": {
        "description": {
            "animation_controllers": [
                {
                    "general": "controller.animation.villager.general"
                },
                {
                    "move": "controller.animation.villager.move"
                },
                {
                    "baby": "controller.animation.villager.baby"
                }
            ],
            "animations": {
                "baby_transform": "animation.villager.baby_transform",
                "general": "animation.villager.general.v1.0",
                "look_at_target": "animation.common.look_at_target",
                "move": "animation.villager.move"
            },
            "geometry": {
                "default": "geometry.villager"
            },
            "identifier": "ntestaskdemo:escaping_villager",
            "materials": {
                "default": "villager"
            },
            "render_controllers": [
                "controller.render.villager.v1.0"
            ],
            "scripts": {
                "scale": "0.9375"
            },
            "spawn_egg": {
                "texture": "spawn_egg",
                "texture_index": 14
            },
            "textures": {
                "butcher": "textures/entity/villager/butcher",
                "farmer": "textures/entity/villager/farmer",
                "librarian": "textures/entity/villager/librarian",
                "priest": "textures/entity/villager/priest",
                "smith": "textures/entity/villager/smith"
            }
        }
    }
}