{
    "format_version": "1.10.0",
    "minecraft:client_entity": {
        "description": {
            "animations": {
                "baby_transform": "animation.chicken.baby_transform",
                "look_at_target": "animation.common.look_at_target",
                "move": "animation.chicken.move"
            },
            "geometry": {
                "default": "geometry.chicken"
            },
            "identifier": "ntestaskdemo:fire_priest",
            "materials": {
                "default": "chicken",
                "legs": "chicken_legs"
            },
            "render_controllers": [
                "controller.render.chicken"
            ],
            "scripts": {
                "animate": [
                    "general",
                    {
                        "move": "query.modified_move_speed"
                    },
                    "look_at_target",
                    {
                        "baby_transform": "query.is_baby"
                    }
                ]
            },
            "spawn_egg": {
                "texture": "spawn_egg",
                "texture_index": 0
            },
            "textures": {
                "default": "textures/entity/chicken"
            }
        }
    }
}