{
    "format_version": "1.8.0",
    "minecraft:client_entity": {
        "description": {
            "animation_controllers": [
                {
                    "move": "controller.animation.villager.move"
                }
            ],
            "animations": {
                "look_at_target": "animation.common.look_at_target",
                "move": "animation.villager.move",
                "villager_general": "animation.villager.general.v1.0"
            },
            "geometry": {
                "default": "geometry.villager.witch"
            },
            "identifier": "kemuh:mob1",
            "materials": {
                "default": "witch"
            },
            "render_controllers": [
                "controller.render.witch.v1.0"
            ],
            "scripts": {
                "scale": "0.9375"
            },
            "spawn_egg": {
                "texture": "spawn_egg",
                "texture_index": 17
            },
            "textures": {
                "default": "textures/entity/witch"
            }
        }
    }
}