{
    "format_version": "1.12.0",
    "minecraft:entity": {
        "components": {
            "minecraft:attack": {
                "damage": 3
            },
            "minecraft:behavior.look_at_player": {
                "look_distance": 8,
                "priority": 6
            },
            "minecraft:behavior.melee_attack": {
                "priority": 1,
                "reach_multiplier": 2,
                "speed_multiplier": 1.0,
                "track_target": true
            },
            "minecraft:behavior.nearest_attackable_target": {
                "attack_interval": 5,
                "entity_types": [
                    {
                        "filters": {
                            "any_of": [
                                {
                                    "subject": "other",
                                    "test": "is_family",
                                    "value": ""
                                }
                            ]
                        },
                        "max_dist": 8
                    }
                ],
                "must_see": true,
                "priority": 0,
                "reselect_targets": true
            },
            "minecraft:collision_box": {
                "height": 2,
                "width": 1
            },
            "minecraft:health": {
                "max": 10.0,
                "value": 10.0
            },
            "minecraft:movement": {
                "value": 0.25
            },
            "minecraft:nameable": {

            },
            "minecraft:physics": {

            },
            "minecraft:scale": {
                "value": 1.0
            },
            "minecraft:storyline": {
                "name": ""
            },
            "minecraft:underwater_movement": {
                "value": 0.25
            }
        },
        "description": {
            "identifier": "ntestaskdemo:escaping_villager",
            "is_experimental": false,
            "is_spawnable": true,
            "is_summonable": true
        }
    }
}