{
    "format_version": "1.12.0",
    "minecraft:entity": {
        "components": {
            "minecraft:attack": {
                "damage": 3
            },
            "minecraft:behavior.look_at_player": {
                "look_distance": 8,
                "priority": 6
            },
            "minecraft:behavior.nearest_attackable_target": {
                "attack_interval": 5,
                "entity_types": [
                    {
                        "filters": {
                            "any_of": [

                            ]
                        },
                        "max_dist": 8
                    }
                ],
                "must_see": true,
                "priority": 0,
                "reselect_targets": true
            },
            "minecraft:collision_box": {
                "height": 3.0,
                "width": 3.0
            },
            "minecraft:health": {
                "max": 10,
                "value": 10
            },
            "minecraft:movement": {
                "value": 0.25
            },
            "minecraft:nameable": {

            },
            "minecraft:physics": {

            },
            "minecraft:scale": {
                "value": 3.0
            },
            "minecraft:storyline": {
                "name": ""
            },
            "minecraft:underwater_movement": {
                "value": 0.25
            }
        },
        "description": {
            "identifier": "kemuh:mob6",
            "is_experimental": false,
            "is_spawnable": true,
            "is_summonable": true,
            "runtime_identifier": "minecraft:slime"
        }
    }
}