{
    "lastLootName": "loot1",
    "lootName": "newfire",
    "pools": [
        {
            "entries": [
                {
                    "itemName": [
                        "minecraft:fire_charge",
                        0
                    ],
                    "maxCount": 5,
                    "minCount": 3,
                    "weight": 1
                },
                {
                    "itemName": [
                        "minecraft:clay_ball",
                        0
                    ],
                    "maxCount": 5,
                    "minCount": 3,
                    "weight": 1
                }
            ],
            "rolls": 1
        }
    ],
    "uuid": "5e11aa4c-00c0-4fab-a3dd-ad301013d810"
}