{
    "baseInfo": {
        "baseName": "",
        "customId": "mob14",
        "legacyId": "",
        "name": "yy家魔鬼",
        "nameable": true,
        "override": false,
        "overrideId": "cow",
        "tags": [

        ]
    },
    "behaviorInfo": {
        "lookAtPlayer": false,
        "random_stroll": false,
        "strollInfo": {
            "speedMultiplier": 0.8
        }
    },
    "combatInfo": {
        "attack": 3,
        "enabled": true,
        "health": {
            "max": 10,
            "value": 10
        },
        "melee": {
            "range": 2
        },
        "ranged": {
            "interval": 15,
            "radius": 15,
            "shooter": "arrow"
        },
        "targetInfo": {
            "interval": 5,
            "maxDistance": 8,
            "nearest": true,
            "targetType": [

            ]
        },
        "type": ""
    },
    "economyInfo": {
        "loot": "",
        "trade": {
            "chart": "",
            "name": "商人"
        }
    },
    "logicInfo": {
        "storyline": ""
    },
    "modelInfo": {
        "collision": {
            "height": 1,
            "width": 1
        },
        "resource": "skeleton",
        "scale": 1
    },
    "moveInfo": {
        "movement": 0.25,
        "physics": true,
        "turn": 5,
        "type": "",
        "waterMovement": 0.25
    },
    "uuid": "24742d7c-75e9-429b-8d57-2b8fee017aef",
    "version": 1
}