{
    "baseInfo": {
        "baseName": "slime",
        "customId": "mob6",
        "legacyId": "",
        "name": "召唤魔物",
        "nameable": true,
        "override": false,
        "overrideId": "cow",
        "tags": [

        ]
    },
    "behaviorInfo": {
        "lookAtPlayer": true,
        "random_stroll": false,
        "strollInfo": {
            "speedMultiplier": 0.8
        }
    },
    "combatInfo": {
        "attack": 3,
        "enabled": true,
        "health": {
            "max": 10,
            "value": 10
        },
        "melee": {
            "range": 2
        },
        "ranged": {
            "interval": 15,
            "radius": 15,
            "shooter": "arrow"
        },
        "targetInfo": {
            "interval": 5,
            "maxDistance": 8,
            "nearest": true,
            "targetType": [

            ]
        },
        "type": ""
    },
    "economyInfo": {
        "loot": "",
        "trade": {
            "chart": "",
            "name": "商人"
        }
    },
    "logicInfo": {
        "storyline": ""
    },
    "modelInfo": {
        "collision": {
            "height": 3.0,
            "width": 3.0
        },
        "resource": "vex",
        "scale": 3.0
    },
    "moveInfo": {
        "movement": 0.25,
        "physics": true,
        "turn": 5,
        "type": "",
        "waterMovement": 0.25
    },
    "uuid": "4bb39704-2801-4f17-98df-e46bf0583091",
    "version": 1
}